-- Insert Customers
INSERT INTO Customers (Name, Email) VALUES 
    ('Alice', 'alice@example.com'),
    ('Bob', 'bob@example.com'),
    ('Charlie', 'charlie@example.com'),
    ('David', 'david@example.com'),
    ('Eva', 'eva@example.com'),
    ('Frank', 'frank@example.com'),
    ('Grace', 'grace@example.com'),
    ('Hannah', 'hannah@example.com'),
    ('Ian', 'ian@example.com'),
    ('Jack', 'jack@example.com'),
    ('Kathy', 'kathy@example.com'),
    ('Leo', 'leo@example.com'),
    ('Mia', 'mia@example.com'),
    ('Nina', 'nina@example.com'),
    ('Oscar', 'oscar@example.com'),
    ('Paul', 'paul@example.com'),
    ('Quinn', 'quinn@example.com');

-- Insert Menu Items
INSERT INTO MenuItems (Name, Price) VALUES 
    ('Pizza', 12.99),
    ('Burger', 8.99),
    ('Salad', 5.99),
    ('Pasta', 11.99),
    ('Steak', 24.99),
    ('Tacos', 9.99),
    ('Sushi', 14.99),
    ('Ice Cream', 4.99),
    ('Coffee', 2.99),
    ('Tea', 2.49),
    ('Breadsticks', 3.99),
    ('Chili', 7.49),
    ('Fish and Chips', 13.99),
    ('Lasagna', 12.49),
    ('Chicken Wings', 10.99),
    ('Caesar Salad', 6.99);

-- Insert Orders
INSERT INTO Orders (CustomerID, Date, TotalPrice) VALUES 
    (1, '2024-10-02', 21.98),
    (2, '2024-10-01', 8.99),
    (3, '2024-10-03', 35.98),
    (4, '2024-10-04', 11.99),
    (5, '2024-10-05', 42.99),
    (6, '2024-10-06', 19.99),
    (7, '2024-10-07', 27.49),
    (8, '2024-10-08', 15.99),
    (9, '2024-10-09', 30.00),
    (10, '2024-10-10', 22.50),
    (11, '2024-10-11', 5.49),
    (12, '2024-10-12', 18.99),
    (13, '2024-10-13', 40.99),
    (14, '2024-10-14', 14.99),
    (15, '2024-10-15', 25.99),
    (16, '2024-10-16', 12.99);

-- Insert Order Items
INSERT INTO OrderItems (OrderID, MenuItemID, Quantity) VALUES 
    (1, 1, 1),
    (1, 3, 2), 
    (2, 2, 1),
    (3, 1, 2),
    (3, 4, 1),
    (3, 6, 3),
    (4, 5, 1),
    (5, 7, 2),
    (5, 10, 4),
    (6, 8, 1),
    (6, 9, 1),
    (7, 3, 1),
    (7, 12, 1),
    (8, 11, 3),
    (9, 14, 1),
    (9, 2, 1),
    (10, 4, 2),
    (10, 5, 1),
    (11, 15, 2),
    (12, 6, 3),
    (12, 1, 1),
    (13, 7, 1),
    (13, 8, 1),
    (14, 9, 2),
    (15, 10, 1),
    (16, 13, 1);